{"cameraMode":{"drawMode":0,"name":"Shaded","section":"Shading Mode"},"sceneLighting":true,"audioPlay":false,"sceneViewState":{"m_AlwaysRefresh":false,"showFog":true,"showSkybox":true,"showFlares":true,"showImageEffects":true,"showParticleSystems":true,"showVisualEffectGraphs":true,"m_FxEnabled":true},"in2DMode":false,"pivot":{"x":0.377899169921875,"y":1.884958267211914,"z":-1.3881187438964844},"rotation":{"x":0.053717322647571567,"y":-0.9286507964134216,"z":0.14863571524620057,"w":0.3356114327907562},"size":7.167721271514893,"orthographic":false}