{"cameraMode":{"drawMode":0,"name":"Shaded","section":"Shading Mode"},"sceneLighting":true,"audioPlay":false,"sceneViewState":{"showFog":true,"showMaterialUpdate":false,"showSkybox":true,"showFlares":true,"showImageEffects":true,"showParticleSystems":true},"in2DMode":false,"pivot":{"x":-4.080953598022461,"y":-1.721848487854004,"z":4.388958930969238},"rotation":{"x":-0.24712209403514863,"y":0.3193981349468231,"z":-0.08667971193790436,"w":-0.9109368920326233},"size":11.6915864944458,"orthographic":false}